id,nama,kontak,rt_rw,jabatan,periode_id,foto_url,created_at,bagian_id,status
03412418-feec-420b-a0b5-8f6df7386aae,Rasyid,-,RT 07 / RW 07,Anggota,46556145-ab77-4903-a08a-6691c49f4112,,2026-09-12 04:58:32.622909+00,7ff80a88-b1bc-45a6-9840-5a2684c975be,Aktif
0bd44bf8-447c-4e6e-9721-d6014fa3a8c1,Fahri,-,RT 07 / RW 07,Anggota,46556145-ab77-4903-a08a-6691c49f4112,,2026-09-11 17:09:04.515123+00,f298d6d9-c2e8-4175-afc1-c750c69e01b0,Aktif
15d2875e-e12d-4508-9018-ddf429249c1b,Apis,-,RT 07 / RW 07,Anggota,46556145-ab77-4903-a08a-6691c49f4112,,2026-09-11 14:58:02.182562+00,e56c4fb5-5672-411f-839a-8172677d3550,Aktif
3170f581-ac51-4802-9ba0-4901a4a32715,Alya,-,RT 07 / RW 07,Anggota,46556145-ab77-4903-a08a-6691c49f4112,,2026-09-11 14:10:46.078356+00,e56c4fb5-5672-411f-839a-8172677d3550,Aktif
4beba624-2ba5-41f1-9672-cdb75b80a19e,Paldi,-,RT 07 / RW 07,Anggota,46556145-ab77-4903-a08a-6691c49f4112,,2026-09-15 02:20:56.620367+00,7ff80a88-b1bc-45a6-9840-5a2684c975be,Aktif
4f6c3e0d-3836-43ab-b745-18c14a46f8ff,Desta,-,RT 07 / RW 07,Anggota,46556145-ab77-4903-a08a-6691c49f4112,,2026-09-11 14:08:03.905701+00,e56c4fb5-5672-411f-839a-8172677d3550,Aktif
561a38a3-c983-4651-80a6-7e2aa2439608,Dzakwan,-,RT 07 / RW 07,Anggota,46556145-ab77-4903-a08a-6691c49f4112,,2026-09-11 17:09:41.229984+00,f298d6d9-c2e8-4175-afc1-c750c69e01b0,Aktif
6daedf2d-dd9b-4878-b0bf-d46a126dafcb,Arya,-,RT 07 / RW 07,Anggota,46556145-ab77-4903-a08a-6691c49f4112,https://ykqkebfkcfaoozipqyvo.supabase.co/storage/v1/object/public/lampiran/avatar/6daedf2d-dd9b-4878-b0bf-d46a126dafcb/1001062267_5dbqrbk_1789141612208.jpg,2026-09-11 14:12:20.415174+00,e56c4fb5-5672-411f-839a-8172677d3550,Aktif
71597135-7fd2-41ad-8015-71e3139238ad,Zaid,-,RT 07 / RW 07,Anggota,46556145-ab77-4903-a08a-6691c49f4112,,2026-09-15 02:21:45.558071+00,e56c4fb5-5672-411f-839a-8172677d3550,Aktif
786c8556-2e03-4022-a5fa-1d9deef34abf,Ichsan,-,RT 07 / RW 07,Anggota,46556145-ab77-4903-a08a-6691c49f4112,,2026-09-11 17:04:19.114645+00,e56c4fb5-5672-411f-839a-8172677d3550,Aktif
7bf1f387-1d9d-4ae5-9147-f57839735281,Keykooo,089517795206,RT 07 / RW 07,Anggota,46556145-ab77-4903-a08a-6691c49f4112,https://ykqkebfkcfaoozipqyvo.supabase.co/storage/v1/object/public/lampiran/avatar/7bf1f387-1d9d-4ae5-9147-f57839735281/19455_3x5u1c1_1788717294740.jpg,2026-09-06 15:09:36.262646+00,e0520b11-9266-4572-bad5-d4be3ef41984,Aktif
93816c43-cdb4-451a-b5a2-bcaf727146b2,Raihan,-,RT 07 / RW 07,Anggota,46556145-ab77-4903-a08a-6691c49f4112,,2026-09-11 14:11:27.451869+00,e56c4fb5-5672-411f-839a-8172677d3550,Aktif
9a5b9c30-5d81-4f36-b90e-5f81ab03f9de,Fakhri,-,RT 07 / RW 07,Anggota,46556145-ab77-4903-a08a-6691c49f4112,,2026-09-11 17:11:08.196211+00,e56c4fb5-5672-411f-839a-8172677d3550,Aktif
a985054a-1753-4eca-acd7-39e9eefe8977,Alul,-,RT 07 / RW 07,Anggota,46556145-ab77-4903-a08a-6691c49f4112,,2026-09-10 17:18:25.05593+00,7ff80a88-b1bc-45a6-9840-5a2684c975be,Aktif
b522716f-465f-4c05-9db6-f5d46a763e60,Chealsea,-,RT 07 / RW 07,Anggota,46556145-ab77-4903-a08a-6691c49f4112,,2026-09-11 14:06:47.331919+00,e56c4fb5-5672-411f-839a-8172677d3550,Aktif
bd9820b5-6a72-46d9-bd0a-73ea9cd718bc,Weni Nasution,-,RT 07 / RW 07,Anggota,46556145-ab77-4903-a08a-6691c49f4112,,2026-09-09 14:18:07.962537+00,e0520b11-9266-4572-bad5-d4be3ef41984,Aktif
c6271b9a-6d33-4957-accd-432b76421b9f,Ardi,-,RT 07 / RW 07,Anggota,46556145-ab77-4903-a08a-6691c49f4112,,2026-09-11 14:14:45.089535+00,e56c4fb5-5672-411f-839a-8172677d3550,Aktif
d9225e53-5121-4d9f-99dc-36faecc11f44,Kayla,-,RT 07 / RW 07,Anggota,46556145-ab77-4903-a08a-6691c49f4112,,2026-09-12 04:57:20.163244+00,e56c4fb5-5672-411f-839a-8172677d3550,Aktif
db3a9ea8-4008-450b-86f5-d9906df76bd6,Az,089517795206,RT 07 / RW 07,Administrator,46556145-ab77-4903-a08a-6691c49f4112,https://ykqkebfkcfaoozipqyvo.supabase.co/storage/v1/object/public/lampiran/avatar/db3a9ea8-4008-450b-86f5-d9906df76bd6/23117_u9tfcyk_1789373117067.jpg,2026-09-06 15:09:36.262646+00,c2199ce6-f5c7-4110-98c9-ef48647202da,Aktif
e0f607d9-0dcb-4009-bf59-1b7296ce25a8,Galuuuwhh,-,RT 07 / RW 07,Anggota,46556145-ab77-4903-a08a-6691c49f4112,https://ykqkebfkcfaoozipqyvo.supabase.co/storage/v1/object/public/lampiran/avatar/e0f607d9-0dcb-4009-bf59-1b7296ce25a8/1000595196_aht5r9x_1789147735785.jpg,2026-09-07 02:04:59.77697+00,e0520b11-9266-4572-bad5-d4be3ef41984,Aktif
ea366256-7e1a-4f6e-b197-fde986be5372,Adel,-,RT 07 / RW 07,Anggota,46556145-ab77-4903-a08a-6691c49f4112,,2026-09-12 04:57:53.309207+00,c2199ce6-f5c7-4110-98c9-ef48647202da,Aktif
f30f163a-159d-49bc-b357-07ea1e947048,Papo,-,RT 07/ RW 07,Anggota,46556145-ab77-4903-a08a-6691c49f4112,,2026-09-11 14:59:48.69414+00,e56c4fb5-5672-411f-839a-8172677d3550,Aktif
f7af9da9-15d9-4892-abac-8b1c00a578bf,Deswan,-,RT 07 / RW 07,Anggota,46556145-ab77-4903-a08a-6691c49f4112,,2026-09-11 17:11:56.810658+00,e56c4fb5-5672-411f-839a-8172677d3550,Aktif
fb883738-90f1-45c0-ae23-a25147614ff0,Padil,-,RT 07 / RW 07,Ketua,46556145-ab77-4903-a08a-6691c49f4112,,2026-09-06 15:09:36.262646+00,97e341c6-dd7c-4c74-b11d-b912aa46c433,Aktif