id,bagian_id,jenis,judul,keterangan,jumlah,tanggal,lampiran_url,dibuat_oleh,created_at,deleted_at,kegiatan_id
050fb24f-bc58-4e50-916d-72a68ab60b5d,e0520b11-9266-4572-bad5-d4be3ef41984,keluar,Jilid Proposal Maulid,[Kategori: Maulid Nabi 1448H] [Kategori: Maulid Nabi 1448H],16000.00,2026-09-08,https://ykqkebfkcfaoozipqyvo.supabase.co/storage/v1/object/public/lampiran/keuangan/bendahara/img-20260907-wa0060_ldzv7y6_1789026527653.jpg,e0f607d9-0dcb-4009-bf59-1b7296ce25a8,2026-09-08 07:48:48+00,,
09c0fad7-089e-4459-ad79-898176cdec20,e0520b11-9266-4572-bad5-d4be3ef41984,keluar,Konsumsi Maulid,[Kategori: Maulid Nabi 1448H] [Kategori: Maulid Nabi 1448H],1250000.00,2026-09-17,https://ykqkebfkcfaoozipqyvo.supabase.co/storage/v1/object/public/lampiran/keuangan/bendahara/wa-1789899182530_beaqic4_1789899283945.jpeg,e0f607d9-0dcb-4009-bf59-1b7296ce25a8,2026-09-17 14:47:24.828045+00,,a9e6b56c-31f1-4b4c-8c4e-cfb4f296dffc
1ce84325-4a8a-4b19-9112-81af4a7d181e,e0520b11-9266-4572-bad5-d4be3ef41984,masuk,Mas ayi,"[Kategori: Maulid Nabi 1448H] Rezeki pas rapat, qris ust padil",250000.00,2026-09-12,https://ykqkebfkcfaoozipqyvo.supabase.co/storage/v1/object/public/lampiran/keuangan/bendahara/img-20260912-wa0000-1-_po2hxgm_1789179490410.jpg,e0f607d9-0dcb-4009-bf59-1b7296ce25a8,2026-09-12 02:18:11.487622+00,,a9e6b56c-31f1-4b4c-8c4e-cfb4f296dffc
1e23e696-0bdb-4f6f-8930-8903aca1c65f,e0520b11-9266-4572-bad5-d4be3ef41984,masuk,Donatur ( Mas eko),[Kategori: Maulid Nabi 1448H],100000.00,2026-09-13,https://ykqkebfkcfaoozipqyvo.supabase.co/storage/v1/object/public/lampiran/keuangan/bendahara/178929527561839521790271650570_2vx4778_1789295317588.jpg,e0f607d9-0dcb-4009-bf59-1b7296ce25a8,2026-09-13 10:28:40.481544+00,,
23419f84-082b-4c11-b2dc-d5408327ddf1,e0520b11-9266-4572-bad5-d4be3ef41984,masuk,Bu hj darwati,[Kategori: Maulid Nabi 1448H],250000.00,2026-09-17,https://ykqkebfkcfaoozipqyvo.supabase.co/storage/v1/object/public/lampiran/keuangan/bendahara/img-20260917-wa0037_wpmyk90_1789653421835.jpg,e0f607d9-0dcb-4009-bf59-1b7296ce25a8,2026-09-17 13:57:02.628137+00,,a9e6b56c-31f1-4b4c-8c4e-cfb4f296dffc
245ec8c4-9d1a-4f6e-8b62-53a642f7b957,e0520b11-9266-4572-bad5-d4be3ef41984,keluar,Qori,[Kategori: Maulid Nabi 1448H] [Kategori: Maulid Nabi 1448H],100000.00,2026-09-19,https://ykqkebfkcfaoozipqyvo.supabase.co/storage/v1/object/public/lampiran/keuangan/bendahara/wa-1789898086260_z5ria9z_1789898173083.jpeg,e0f607d9-0dcb-4009-bf59-1b7296ce25a8,2026-09-19 16:03:21.380945+00,,a9e6b56c-31f1-4b4c-8c4e-cfb4f296dffc
25114b17-1107-4050-a6be-6fabe88a1826,e0520b11-9266-4572-bad5-d4be3ef41984,masuk,Donatur (Bu Fanny),[Kategori: Maulid Nabi 1448H],500000.00,2026-09-25,,e0f607d9-0dcb-4009-bf59-1b7296ce25a8,2026-09-25 17:00:54.710387+00,,a9e6b56c-31f1-4b4c-8c4e-cfb4f296dffc
27cd3dcb-fcc7-4d05-9a2b-a3b9df4f192c,e0520b11-9266-4572-bad5-d4be3ef41984,keluar,Mc,[Kategori: Maulid Nabi 1448H] [Kategori: Maulid Nabi 1448H],150000.00,2026-09-19,https://ykqkebfkcfaoozipqyvo.supabase.co/storage/v1/object/public/lampiran/keuangan/bendahara/wa-1789898110105_axdh4n1_1789898209072.jpeg,e0f607d9-0dcb-4009-bf59-1b7296ce25a8,2026-09-19 16:02:47.21093+00,,a9e6b56c-31f1-4b4c-8c4e-cfb4f296dffc
2c8cd2bf-b9fb-44c4-bc91-a2567732a262,e0520b11-9266-4572-bad5-d4be3ef41984,keluar,Konsumsi dekor H-jam acara,[Kategori: Maulid Nabi 1448H],95000.00,2026-09-26,https://ykqkebfkcfaoozipqyvo.supabase.co/storage/v1/object/public/lampiran/keuangan/bendahara/wa-1790405356054_u3ps5mt_1790405485524.jpeg,e0f607d9-0dcb-4009-bf59-1b7296ce25a8,2026-09-26 06:51:26.931737+00,,a9e6b56c-31f1-4b4c-8c4e-cfb4f296dffc
306d7a0d-1236-445b-9576-dab8100f86ee,e0520b11-9266-4572-bad5-d4be3ef41984,masuk,Kayla,[Kategori: Maulid Nabi 1448H] Ke Qris ust. Padil,150000.00,2026-09-13,https://ykqkebfkcfaoozipqyvo.supabase.co/storage/v1/object/public/lampiran/keuangan/bendahara/img-20260913-wa0012_oy02l1y_1789295998541.jpg,e0f607d9-0dcb-4009-bf59-1b7296ce25a8,2026-09-13 10:39:35.025356+00,,a9e6b56c-31f1-4b4c-8c4e-cfb4f296dffc
35c49bb2-3b85-4fe4-ab61-d51326e268e3,e0520b11-9266-4572-bad5-d4be3ef41984,keluar,Operasional maulid,[Kategori: Maulid Nabi 1448H],100000.00,2026-09-26,https://ykqkebfkcfaoozipqyvo.supabase.co/storage/v1/object/public/lampiran/keuangan/bendahara/wa-1790442079925_qp3xti4_1790442091786.jpeg,e0f607d9-0dcb-4009-bf59-1b7296ce25a8,2026-09-26 17:01:34.158415+00,,a9e6b56c-31f1-4b4c-8c4e-cfb4f296dffc
36e1f7f0-a2f8-4d14-94ab-d9a4e4570efb,e0520b11-9266-4572-bad5-d4be3ef41984,masuk,Donatur (Mas Tanto),[Kategori: Maulid Nabi 1448H] Kk nya mas ihsan,100000.00,2026-09-10,https://ykqkebfkcfaoozipqyvo.supabase.co/storage/v1/object/public/lampiran/keuangan/bendahara/img-20260909-wa0048_kcd0s15_1789026166934.jpg,e0f607d9-0dcb-4009-bf59-1b7296ce25a8,2026-09-10 07:42:48.237656+00,,
39740df5-4fbb-467b-98e7-ec6535f0b614,e0520b11-9266-4572-bad5-d4be3ef41984,keluar,Tes,[Kategori: 17 Agustus HUT RI-81] .,200.00,2026-09-26,https://ykqkebfkcfaoozipqyvo.supabase.co/storage/v1/object/public/lampiran/keuangan/bendahara/179042103291680466705282571377_eggr20f_1790421079918.jpg,db3a9ea8-4008-450b-86f5-d9906df76bd6,2026-09-26 11:11:22.649652+00,2026-09-26 13:15:32.582+00,fa2f4601-49b0-479e-97fc-cab9a9427998
3af1c964-38fe-4811-bb36-836c61ce6f8a,e0520b11-9266-4572-bad5-d4be3ef41984,masuk,Dnatur (Pak toto Rw),[Kategori: Maulid Nabi 1448H],300000.00,2026-09-23,https://ykqkebfkcfaoozipqyvo.supabase.co/storage/v1/object/public/lampiran/keuangan/bendahara/wa-1790170988371_7rlitz1_1790171298906.jpeg,e0f607d9-0dcb-4009-bf59-1b7296ce25a8,2026-09-23 13:48:20.592727+00,,a9e6b56c-31f1-4b4c-8c4e-cfb4f296dffc
3c16f4d9-6995-408e-a5f1-eb5f04c9de75,e0520b11-9266-4572-bad5-d4be3ef41984,keluar,Operasional tambahan,[Kategori: Maulid Nabi 1448H],100000.00,2026-09-26,https://ykqkebfkcfaoozipqyvo.supabase.co/storage/v1/object/public/lampiran/keuangan/bendahara/image_9qw41w7_1790443084160.jpg,fb883738-90f1-45c0-ae23-a25147614ff0,2026-09-26 17:18:06.261888+00,,a9e6b56c-31f1-4b4c-8c4e-cfb4f296dffc
3e4a96ab-aa27-488a-bc65-2c7813d4f86f,e0520b11-9266-4572-bad5-d4be3ef41984,keluar,Dekorasi maulid,[Kategori: Maulid Nabi 1448H],42000.00,2026-09-17,https://ykqkebfkcfaoozipqyvo.supabase.co/storage/v1/object/public/lampiran/keuangan/bendahara/img-20260917-wa0039_jxrkmez_1789653578158.jpg,e0f607d9-0dcb-4009-bf59-1b7296ce25a8,2026-09-17 13:59:39.091632+00,,a9e6b56c-31f1-4b4c-8c4e-cfb4f296dffc
3fdfd748-b494-43d9-b31e-33e3572906a9,e0520b11-9266-4572-bad5-d4be3ef41984,masuk,Donatur (Pak sugiarto),[Kategori: Maulid Nabi 1448H],200000.00,2026-09-19,https://ykqkebfkcfaoozipqyvo.supabase.co/storage/v1/object/public/lampiran/keuangan/bendahara/wa-1789830104859_rxcto10_1789830125424.jpeg,e0f607d9-0dcb-4009-bf59-1b7296ce25a8,2026-09-19 15:02:07.115144+00,,a9e6b56c-31f1-4b4c-8c4e-cfb4f296dffc
48d85ff1-d8fa-4f54-9ed3-8111956315b8,e0520b11-9266-4572-bad5-d4be3ef41984,keluar,Pengantar Proposal Bu fanny,[Kategori: Maulid Nabi 1448H] Ongkos pak hendra,25000.00,2026-09-11,https://ykqkebfkcfaoozipqyvo.supabase.co/storage/v1/object/public/lampiran/keuangan/bendahara/img-20260911-wa0035_ptlnyxy_1789145909745.jpg,e0f607d9-0dcb-4009-bf59-1b7296ce25a8,2026-09-11 16:58:31.298266+00,,
49487ee4-734c-4bbc-8fb2-8aeec6671a97,e0520b11-9266-4572-bad5-d4be3ef41984,keluar,Jilid Maulid & Amplop 1 Pack,[Kategori: Maulid Nabi 1448H] [Kategori: Maulid Nabi 1448H],41000.00,2026-09-09,https://ykqkebfkcfaoozipqyvo.supabase.co/storage/v1/object/public/lampiran/keuangan/bendahara/wa-1788882729374_nebboj1_1789026673384.jpeg,e0f607d9-0dcb-4009-bf59-1b7296ce25a8,2026-09-09 07:51:15+00,,
4ebe45ea-915a-4fd6-b0eb-ae4ab37fec17,e0520b11-9266-4572-bad5-d4be3ef41984,keluar,Alat + konsumsi H-jam acara,[Kategori: Maulid Nabi 1448H] 20.000 + 25.000 (5k nya uang ustd padil),45000.00,2026-09-26,https://ykqkebfkcfaoozipqyvo.supabase.co/storage/v1/object/public/lampiran/keuangan/bendahara/wa-1790405356054_98pufkq_1790405414904.jpeg,e0f607d9-0dcb-4009-bf59-1b7296ce25a8,2026-09-26 06:50:17.325255+00,,a9e6b56c-31f1-4b4c-8c4e-cfb4f296dffc
4fd5bab7-534c-4074-95de-4a395c1309fd,e0520b11-9266-4572-bad5-d4be3ef41984,keluar,Dekorasi,"[Kategori: Maulid Nabi 1448H] Kater, Pensil, Penghapus",63000.00,2026-09-13,https://ykqkebfkcfaoozipqyvo.supabase.co/storage/v1/object/public/lampiran/keuangan/bendahara/img-20260913-wa0015_x0xn7dd_1789301134883.jpg,e0f607d9-0dcb-4009-bf59-1b7296ce25a8,2026-09-13 12:05:35.625471+00,,
51db25df-dcbc-49a3-865d-0b4873d6d13b,e0520b11-9266-4572-bad5-d4be3ef41984,masuk,Pak edy tris,[Kategori: Maulid Nabi 1448H] Bapak- nya ardy,50000.00,2026-09-16,https://ykqkebfkcfaoozipqyvo.supabase.co/storage/v1/object/public/lampiran/keuangan/bendahara/wa-1789563913215_rrj6hnt_1789564094420.jpeg,e0f607d9-0dcb-4009-bf59-1b7296ce25a8,2026-09-16 13:08:17.00286+00,,a9e6b56c-31f1-4b4c-8c4e-cfb4f296dffc
540af265-bfea-47b7-9ad2-6ab6e91836b3,e0520b11-9266-4572-bad5-d4be3ef41984,keluar,Dekorasi Maulid,"[Kategori: Maulid Nabi 1448H] Konsum + rokok : 50k
Styrofoam : 12k
Mata bor : 20k
Mur : 8k
Air : 10k",100000.00,2026-09-16,https://ykqkebfkcfaoozipqyvo.supabase.co/storage/v1/object/public/lampiran/keuangan/bendahara/img-20260916-wa0033_um2p6wx_1789565665411.jpg,e0f607d9-0dcb-4009-bf59-1b7296ce25a8,2026-09-16 13:34:26.45337+00,,a9e6b56c-31f1-4b4c-8c4e-cfb4f296dffc
5736163f-e38a-4e40-8ed3-d534fe417d40,e0520b11-9266-4572-bad5-d4be3ef41984,keluar,Jenguk ka paldi,,100000.00,2026-09-25,https://ykqkebfkcfaoozipqyvo.supabase.co/storage/v1/object/public/lampiran/keuangan/bendahara/img-20260923-084001_bog3o8z_1790356031848.jpg,e0f607d9-0dcb-4009-bf59-1b7296ce25a8,2026-09-25 17:07:13.421322+00,,
57e735f4-6afc-48dd-939e-f7bf9388420b,e0520b11-9266-4572-bad5-d4be3ef41984,masuk,Donatur (Bu nani),[Kategori: Maulid Nabi 1448H],100000.00,2026-09-13,https://ykqkebfkcfaoozipqyvo.supabase.co/storage/v1/object/public/lampiran/keuangan/bendahara/178929536126351793017944579168_gemd6k4_1789295377482.jpg,e0f607d9-0dcb-4009-bf59-1b7296ce25a8,2026-09-13 10:29:39.512938+00,,
5979fd93-dbe6-4f72-a478-c0beb3e96ef7,e0520b11-9266-4572-bad5-d4be3ef41984,masuk,Donatur (Pak Handoyo),[Kategori: Maulid Nabi 1448H],500000.00,2026-09-18,https://ykqkebfkcfaoozipqyvo.supabase.co/storage/v1/object/public/lampiran/keuangan/bendahara/wa-1789744373612_t1t4u23_1789744413146.jpeg,e0f607d9-0dcb-4009-bf59-1b7296ce25a8,2026-09-18 15:13:35.099213+00,,a9e6b56c-31f1-4b4c-8c4e-cfb4f296dffc
601c72a4-f319-4c23-879b-46098ddf0ab3,e0520b11-9266-4572-bad5-d4be3ef41984,masuk,Donatur (Ustd Ridho),[Kategori: Maulid Nabi 1448H] [Kategori: Maulid Nabi 1448H],50000.00,2026-09-13,https://ykqkebfkcfaoozipqyvo.supabase.co/storage/v1/object/public/lampiran/keuangan/bendahara/178929587628125175359993693288_ic2uf1z_1789295889321.jpg,e0f607d9-0dcb-4009-bf59-1b7296ce25a8,2026-09-13 10:38:11.273161+00,,
605c9d7a-de88-4d92-ba8e-ee825d2d960b,e0520b11-9266-4572-bad5-d4be3ef41984,keluar,Benner maulid,[Kategori: Maulid Nabi 1448H],200000.00,2026-09-24,https://ykqkebfkcfaoozipqyvo.supabase.co/storage/v1/object/public/lampiran/keuangan/bendahara/wa-1790262196903_l2jgtjk_1790262326106.jpeg,e0f607d9-0dcb-4009-bf59-1b7296ce25a8,2026-09-24 15:05:29.245639+00,,a9e6b56c-31f1-4b4c-8c4e-cfb4f296dffc
6287a6c5-4f93-4d11-af6a-6f669538a14d,e0520b11-9266-4572-bad5-d4be3ef41984,keluar,Konsumsi Tamu VIP,[Kategori: Maulid Nabi 1448H],300000.00,2026-09-21,https://ykqkebfkcfaoozipqyvo.supabase.co/storage/v1/object/public/lampiran/keuangan/bendahara/wa-1790000127145_y5oka9x_1790000153565.jpeg,e0f607d9-0dcb-4009-bf59-1b7296ce25a8,2026-09-21 14:15:55.462988+00,,a9e6b56c-31f1-4b4c-8c4e-cfb4f296dffc
65cba67a-489c-4005-94fe-cb1b41fe3499,e0520b11-9266-4572-bad5-d4be3ef41984,keluar,Dekorasi Maulid,[Kategori: Maulid Nabi 1448H],567000.00,2026-09-25,https://ykqkebfkcfaoozipqyvo.supabase.co/storage/v1/object/public/lampiran/keuangan/bendahara/img-20260926-000140_4jbdmji_1790355760921.jpg,e0f607d9-0dcb-4009-bf59-1b7296ce25a8,2026-09-25 17:02:45.071526+00,,a9e6b56c-31f1-4b4c-8c4e-cfb4f296dffc
6afaef7c-fc5c-4213-8595-89c46f019c8f,e0520b11-9266-4572-bad5-d4be3ef41984,keluar,Pembaca maulid,[Kategori: Maulid Nabi 1448H] [Kategori: Maulid Nabi 1448H],500000.00,2026-09-19,https://ykqkebfkcfaoozipqyvo.supabase.co/storage/v1/object/public/lampiran/keuangan/bendahara/wa-1789898074426_c4n5j1v_1789898274462.jpeg,e0f607d9-0dcb-4009-bf59-1b7296ce25a8,2026-09-19 16:02:01.241551+00,,a9e6b56c-31f1-4b4c-8c4e-cfb4f296dffc
6bbdd19f-3765-4dd9-9914-ccf612b9e619,e0520b11-9266-4572-bad5-d4be3ef41984,masuk,Donatur (Pak rinto),[Kategori: Maulid Nabi 1448H],250000.00,2026-09-19,https://ykqkebfkcfaoozipqyvo.supabase.co/storage/v1/object/public/lampiran/keuangan/bendahara/wa-1789829883822_68wzjjs_1789829987109.jpeg,e0f607d9-0dcb-4009-bf59-1b7296ce25a8,2026-09-19 14:59:48.843815+00,,a9e6b56c-31f1-4b4c-8c4e-cfb4f296dffc
6e62d346-3a0c-4fb2-9fce-ac3fe13038f0,e0520b11-9266-4572-bad5-d4be3ef41984,masuk,Donatur (Pak Sawin),[Kategori: Maulid Nabi 1448H],200000.00,2026-09-15,,e0f607d9-0dcb-4009-bf59-1b7296ce25a8,2026-09-15 13:37:29.166879+00,,
71bc5179-7359-466f-816e-96ab2e42b811,e0520b11-9266-4572-bad5-d4be3ef41984,masuk,Hamba allah,[Kategori: Maulid Nabi 1448H] Qris. Ustd padil,18000.00,2026-09-21,,e0f607d9-0dcb-4009-bf59-1b7296ce25a8,2026-09-21 14:26:00.171172+00,,a9e6b56c-31f1-4b4c-8c4e-cfb4f296dffc
723d09e8-3940-4ba8-9b4c-3860d1e59edb,e0520b11-9266-4572-bad5-d4be3ef41984,masuk,Donatur (Pak giarto),[Kategori: Maulid Nabi 1448H],200000.00,2026-09-16,https://ykqkebfkcfaoozipqyvo.supabase.co/storage/v1/object/public/lampiran/keuangan/bendahara/wa-1789563915059_ir6sgnf_1789564018956.jpeg,e0f607d9-0dcb-4009-bf59-1b7296ce25a8,2026-09-16 13:07:01.436312+00,,a9e6b56c-31f1-4b4c-8c4e-cfb4f296dffc
72fedbba-0502-4d36-9375-f7cc01d78afa,e0520b11-9266-4572-bad5-d4be3ef41984,keluar,Dekorasi Tambahan,[Kategori: Maulid Nabi 1448H],296000.00,2026-09-25,https://ykqkebfkcfaoozipqyvo.supabase.co/storage/v1/object/public/lampiran/keuangan/bendahara/img-20260923-122349_zitvh96_1790355888694.jpg,e0f607d9-0dcb-4009-bf59-1b7296ce25a8,2026-09-25 17:04:51.202976+00,,a9e6b56c-31f1-4b4c-8c4e-cfb4f296dffc
73c42b18-5beb-4091-af0e-04cbfffbe815,e0520b11-9266-4572-bad5-d4be3ef41984,keluar,Konsum acara (Aqua),[Kategori: Maulid Nabi 1448H],40000.00,2026-09-26,https://ykqkebfkcfaoozipqyvo.supabase.co/storage/v1/object/public/lampiran/keuangan/bendahara/wa-1790405634229_qmkxti5_1790405645047.jpeg,e0f607d9-0dcb-4009-bf59-1b7296ce25a8,2026-09-26 06:54:06.625144+00,,a9e6b56c-31f1-4b4c-8c4e-cfb4f296dffc
73f190dc-358f-4308-9e2d-c2397b9e73c3,e0520b11-9266-4572-bad5-d4be3ef41984,keluar,Paper bag,[Kategori: Maulid Nabi 1448H],220000.00,2026-09-21,https://ykqkebfkcfaoozipqyvo.supabase.co/storage/v1/object/public/lampiran/keuangan/bendahara/wa-1789997324451_91drjaf_1789997376200.jpeg,e0f607d9-0dcb-4009-bf59-1b7296ce25a8,2026-09-21 13:29:37.859012+00,,a9e6b56c-31f1-4b4c-8c4e-cfb4f296dffc
7ecf8209-a0eb-4a54-b8b5-6653aca5b3e2,e0520b11-9266-4572-bad5-d4be3ef41984,masuk,Donatur (Pak tukijan),[Kategori: Maulid Nabi 1448H] Bapa nya mas ichsan,100000.00,2026-09-13,https://ykqkebfkcfaoozipqyvo.supabase.co/storage/v1/object/public/lampiran/keuangan/bendahara/img-20260913-wa0024_35cft2s_1789310721943.jpg,e0f607d9-0dcb-4009-bf59-1b7296ce25a8,2026-09-13 14:45:24.153842+00,,
8b1ac698-375e-4cf4-bb2c-13e0f8791283,e0520b11-9266-4572-bad5-d4be3ef41984,masuk,Bapa- Bapa Ta'lim,[Kategori: Maulid Nabi 1448H],1000000.00,2026-09-19,https://ykqkebfkcfaoozipqyvo.supabase.co/storage/v1/object/public/lampiran/keuangan/bendahara/wa-1789830257149_r7yekx8_1789830363249.jpeg,e0f607d9-0dcb-4009-bf59-1b7296ce25a8,2026-09-19 15:06:05.113363+00,,a9e6b56c-31f1-4b4c-8c4e-cfb4f296dffc
9f511726-1f6c-43a1-9a5c-3c5aafbdde0e,e0520b11-9266-4572-bad5-d4be3ef41984,masuk,Donasi Hamba Allah,[Kategori: Maulid Nabi 1448H] [Kategori: Maulid Nabi 1448H],150000.00,2026-09-10,https://ykqkebfkcfaoozipqyvo.supabase.co/storage/v1/object/public/lampiran/keuangan/bendahara/wa-1789052655064_5manhuq_1789052672941.jpeg,e0f607d9-0dcb-4009-bf59-1b7296ce25a8,2026-09-10 15:04:34.865414+00,,
a5f23b8f-b050-490e-a2b3-70be69b4e7ed,e0520b11-9266-4572-bad5-d4be3ef41984,keluar,Tangan penceramah,[Kategori: Maulid Nabi 1448H],100000.00,2026-09-24,https://ykqkebfkcfaoozipqyvo.supabase.co/storage/v1/object/public/lampiran/keuangan/bendahara/wa-1790262182265_6nfyjz2_1790262262454.jpeg,e0f607d9-0dcb-4009-bf59-1b7296ce25a8,2026-09-24 15:04:26.315542+00,,a9e6b56c-31f1-4b4c-8c4e-cfb4f296dffc
a61dc342-333f-4e5c-9a56-90d706bccb6c,e0520b11-9266-4572-bad5-d4be3ef41984,keluar,Hadroh,[Kategori: Maulid Nabi 1448H] [Kategori: Maulid Nabi 1448H],300000.00,2026-09-19,https://ykqkebfkcfaoozipqyvo.supabase.co/storage/v1/object/public/lampiran/keuangan/bendahara/wa-1789898095723_oidiud5_1789898131237.jpeg,e0f607d9-0dcb-4009-bf59-1b7296ce25a8,2026-09-19 16:04:00.934804+00,,a9e6b56c-31f1-4b4c-8c4e-cfb4f296dffc
a8964175-bd6e-4b5b-9368-71244a1cf953,e0520b11-9266-4572-bad5-d4be3ef41984,masuk,Donatur Bapak suarno & ibu suti (Mas koko),[Kategori: Maulid Nabi 1448H] [Kategori: Maulid Nabi 1448H],400000.00,2026-09-13,https://ykqkebfkcfaoozipqyvo.supabase.co/storage/v1/object/public/lampiran/keuangan/bendahara/178929544062412620884753460987_fn6ven1_1789295453020.jpg,e0f607d9-0dcb-4009-bf59-1b7296ce25a8,2026-09-13 10:30:57.68359+00,,
a91a95e5-233a-445c-84e6-a49008ee9d21,e0520b11-9266-4572-bad5-d4be3ef41984,masuk,Pak suparman,"[Kategori: Maulid Nabi 1448H] Ayahnya ka april. 
Qris ustd padil",150000.00,2026-09-16,https://ykqkebfkcfaoozipqyvo.supabase.co/storage/v1/object/public/lampiran/keuangan/bendahara/img-20260916-wa0030-1-_836vdip_1789564578878.jpg,e0f607d9-0dcb-4009-bf59-1b7296ce25a8,2026-09-16 13:16:20.069334+00,,a9e6b56c-31f1-4b4c-8c4e-cfb4f296dffc
a9faf836-90cd-4415-807f-6b8ea11086f0,e0520b11-9266-4572-bad5-d4be3ef41984,keluar,Penceramah,[Kategori: Maulid Nabi 1448H],1500000.00,2026-09-24,https://ykqkebfkcfaoozipqyvo.supabase.co/storage/v1/object/public/lampiran/keuangan/bendahara/wa-1790262031056_jdkdguq_1790262129541.jpeg,e0f607d9-0dcb-4009-bf59-1b7296ce25a8,2026-09-24 15:02:15.591989+00,,a9e6b56c-31f1-4b4c-8c4e-cfb4f296dffc
b04f38e0-2daa-4bc1-a5e5-e5196b5cf5de,e0520b11-9266-4572-bad5-d4be3ef41984,masuk,Donatur (pak suradi),[Kategori: Maulid Nabi 1448H],500000.00,2026-09-23,https://ykqkebfkcfaoozipqyvo.supabase.co/storage/v1/object/public/lampiran/keuangan/bendahara/img-20260923-wa0025_k589oyw_1790171386720.jpg,e0f607d9-0dcb-4009-bf59-1b7296ce25a8,2026-09-23 13:49:49.041854+00,,a9e6b56c-31f1-4b4c-8c4e-cfb4f296dffc
b1899bf6-5d0f-4b56-a900-49ea5ce5e69d,e0520b11-9266-4572-bad5-d4be3ef41984,masuk,Donatur (Pak wandi),[Kategori: Maulid Nabi 1448H] [Kategori: Maulid Nabi 1448H],100000.00,2026-09-21,https://ykqkebfkcfaoozipqyvo.supabase.co/storage/v1/object/public/lampiran/keuangan/bendahara/wa-1789999761476_02xsd62_1789999835698.jpeg,e0f607d9-0dcb-4009-bf59-1b7296ce25a8,2026-09-21 13:59:09.258957+00,,a9e6b56c-31f1-4b4c-8c4e-cfb4f296dffc
b22fbb90-d089-4415-8096-b38c7dc59b53,e0520b11-9266-4572-bad5-d4be3ef41984,keluar,Donatur (pak Junaidi),[Kategori: Maulid Nabi 1448H],200000.00,2026-09-17,https://ykqkebfkcfaoozipqyvo.supabase.co/storage/v1/object/public/lampiran/keuangan/bendahara/wa-1789655853004_tys7pt2_1789655948688.jpeg,e0f607d9-0dcb-4009-bf59-1b7296ce25a8,2026-09-17 14:39:10.546959+00,2026-09-17 14:40:07.01+00,a9e6b56c-31f1-4b4c-8c4e-cfb4f296dffc
b6945413-837d-429a-a32c-1d7fff715cc0,e0520b11-9266-4572-bad5-d4be3ef41984,keluar,Pengantar Proposal Bu Fanny,[Kategori: Maulid Nabi 1448H] Upah Roko pak hendra,25000.00,2026-09-09,https://ykqkebfkcfaoozipqyvo.supabase.co/storage/v1/object/public/lampiran/keuangan/bendahara/img-20260908-wa0054_ui31uz9_1789088720091.jpg,db3a9ea8-4008-450b-86f5-d9906df76bd6,2026-09-09 07:51:01+00,,
b762525c-7a65-4474-83af-4f0097a3f24f,e0520b11-9266-4572-bad5-d4be3ef41984,masuk,Donatur (bu ita),[Kategori: Maulid Nabi 1448H],100000.00,2026-09-19,https://ykqkebfkcfaoozipqyvo.supabase.co/storage/v1/object/public/lampiran/keuangan/bendahara/wa-1789830133549_laibbq3_1789830194897.jpeg,e0f607d9-0dcb-4009-bf59-1b7296ce25a8,2026-09-19 15:03:17.622924+00,,a9e6b56c-31f1-4b4c-8c4e-cfb4f296dffc
bac08b0f-9ec5-4972-b046-982a30c7bb65,e0520b11-9266-4572-bad5-d4be3ef41984,masuk,Donatur (Pak masmudin),[Kategori: Maulid Nabi 1448H] [Kategori: Maulid Nabi 1448H],1002000.00,2026-09-07,https://ykqkebfkcfaoozipqyvo.supabase.co/storage/v1/object/public/lampiran/keuangan/bendahara/uang-maulid_9xge4gt_1789053553754.PDF,db3a9ea8-4008-450b-86f5-d9906df76bd6,2026-09-07 07:37:21+00,,
bc17cdce-23dc-4b5d-9f9d-b6eb002a153e,e0520b11-9266-4572-bad5-d4be3ef41984,masuk,Donatur (H Sada),"[Kategori: Maulid Nabi 1448H] [Kategori: Maulid Nabi 1448H]
Tambahan 180.000",200000.00,2026-09-13,https://ykqkebfkcfaoozipqyvo.supabase.co/storage/v1/object/public/lampiran/keuangan/bendahara/178929581920445534229268973014_dq2v584_1789295831498.jpg,e0f607d9-0dcb-4009-bf59-1b7296ce25a8,2026-09-13 10:37:13.290389+00,,
bfd331ae-a2bd-4c58-8690-a061798df9f3,e0520b11-9266-4572-bad5-d4be3ef41984,masuk,Donatur (pak sandi),[Kategori: Maulid Nabi 1448H],50000.00,2026-09-25,https://ykqkebfkcfaoozipqyvo.supabase.co/storage/v1/object/public/lampiran/keuangan/bendahara/img-20260925-235820_5phvr0q_1790355607817.jpg,e0f607d9-0dcb-4009-bf59-1b7296ce25a8,2026-09-25 17:00:10.275399+00,,a9e6b56c-31f1-4b4c-8c4e-cfb4f296dffc
d4503b1c-a1ad-426d-96fc-28e2700cc690,e0520b11-9266-4572-bad5-d4be3ef41984,keluar,Konsumsi & Aqua viva,[Kategori: Maulid Nabi 1448H] +9.000 kacang garuda serenceng,455500.00,2026-09-20,https://ykqkebfkcfaoozipqyvo.supabase.co/storage/v1/object/public/lampiran/keuangan/bendahara/wa-1789893731488_7wbj5im_1789894063749.jpeg,e0f607d9-0dcb-4009-bf59-1b7296ce25a8,2026-09-20 08:47:45.655105+00,,a9e6b56c-31f1-4b4c-8c4e-cfb4f296dffc
d7a54718-29d1-4039-82e5-89c180cf5a8e,e0520b11-9266-4572-bad5-d4be3ef41984,keluar,Dekorasi Tambahan,[Kategori: Maulid Nabi 1448H] 181.000 + 30.000,211000.00,2026-09-22,https://ykqkebfkcfaoozipqyvo.supabase.co/storage/v1/object/public/lampiran/keuangan/bendahara/179008998674279159529763097710_4ahv3np_1790090044269.jpg,e0f607d9-0dcb-4009-bf59-1b7296ce25a8,2026-09-22 15:14:06.673789+00,,a9e6b56c-31f1-4b4c-8c4e-cfb4f296dffc
dd9d0126-a718-4c24-bcca-edccba6ec87f,e0520b11-9266-4572-bad5-d4be3ef41984,masuk,Hamba allah,[Kategori: Maulid Nabi 1448H] [Kategori: Maulid Nabi 1448H],10500.00,2026-09-16,https://ykqkebfkcfaoozipqyvo.supabase.co/storage/v1/object/public/lampiran/keuangan/bendahara/img-20260916-wa0032_jo7tq2x_1789565555207.jpg,e0f607d9-0dcb-4009-bf59-1b7296ce25a8,2026-09-16 13:32:36.28831+00,,a9e6b56c-31f1-4b4c-8c4e-cfb4f296dffc
e18a680b-78f6-40a9-a73c-e8d5672a4dd0,e0520b11-9266-4572-bad5-d4be3ef41984,keluar,Pengeluaran konsumsi,[Kategori: Maulid Nabi 1448H],50000.00,2026-09-18,https://ykqkebfkcfaoozipqyvo.supabase.co/storage/v1/object/public/lampiran/keuangan/bendahara/wa-1789746345520_phdau2y_1789746365758.jpeg,e0f607d9-0dcb-4009-bf59-1b7296ce25a8,2026-09-18 15:46:07.671186+00,,a9e6b56c-31f1-4b4c-8c4e-cfb4f296dffc
f10cebfe-ef47-4656-9ae0-3f27fdf15697,e0520b11-9266-4572-bad5-d4be3ef41984,masuk,Donatur (pak junaidi),[Kategori: Maulid Nabi 1448H],200000.00,2026-09-17,https://ykqkebfkcfaoozipqyvo.supabase.co/storage/v1/object/public/lampiran/keuangan/bendahara/wa-1789655853004_mtyeown_1789656054964.jpeg,e0f607d9-0dcb-4009-bf59-1b7296ce25a8,2026-09-17 14:40:56.797568+00,,a9e6b56c-31f1-4b4c-8c4e-cfb4f296dffc
f14d4495-6cb9-4d04-a9c2-233906bc0704,e0520b11-9266-4572-bad5-d4be3ef41984,keluar,Konsumsi dekorasi,[Kategori: Maulid Nabi 1448H],100000.00,2026-09-23,https://ykqkebfkcfaoozipqyvo.supabase.co/storage/v1/object/public/lampiran/keuangan/bendahara/wa-1790171509065_80jfo0u_1790171526854.jpeg,e0f607d9-0dcb-4009-bf59-1b7296ce25a8,2026-09-23 13:52:09.772727+00,,a9e6b56c-31f1-4b4c-8c4e-cfb4f296dffc
f235d54a-3333-42db-affb-7af98ffdb7b2,e0520b11-9266-4572-bad5-d4be3ef41984,keluar,Operasional,[Kategori: Maulid Nabi 1448H],100000.00,2026-09-19,https://ykqkebfkcfaoozipqyvo.supabase.co/storage/v1/object/public/lampiran/keuangan/bendahara/img-20260919-wa0024_u4nxf5r_1789791812354.jpg,e0f607d9-0dcb-4009-bf59-1b7296ce25a8,2026-09-19 04:23:33.759557+00,,a9e6b56c-31f1-4b4c-8c4e-cfb4f296dffc
fad99b9c-8530-4eae-8752-4cfa3970e698,e0520b11-9266-4572-bad5-d4be3ef41984,masuk,Donatur Tambahan  (Mas Tanto),"[Kategori: Maulid Nabi 1448H] [Kategori: Maulid Nabi 1448H]
Qris ustd. Padil",50000.00,2026-09-10,https://ykqkebfkcfaoozipqyvo.supabase.co/storage/v1/object/public/lampiran/keuangan/bendahara/screenshot-2026-09-10-14-42-28_d132rf4_1789026408172.jpg,e0f607d9-0dcb-4009-bf59-1b7296ce25a8,2026-09-10 07:46:49.131324+00,,a9e6b56c-31f1-4b4c-8c4e-cfb4f296dffc
fc1d2e67-1c0c-4598-b007-1c78f5c2ca4c,e0520b11-9266-4572-bad5-d4be3ef41984,masuk,Donatur (Pak hj muslih),[Kategori: Maulid Nabi 1448H],250000.00,2026-09-18,https://ykqkebfkcfaoozipqyvo.supabase.co/storage/v1/object/public/lampiran/keuangan/bendahara/wa-1789744288328_j2z20p6_1789744348844.jpeg,e0f607d9-0dcb-4009-bf59-1b7296ce25a8,2026-09-18 15:12:30.471859+00,,a9e6b56c-31f1-4b4c-8c4e-cfb4f296dffc
fd2277f3-3f8a-4a11-8aba-5601cf9e9691,e0520b11-9266-4572-bad5-d4be3ef41984,keluar,Panggung (palet),[Kategori: Maulid Nabi 1448H],60000.00,2026-09-26,https://ykqkebfkcfaoozipqyvo.supabase.co/storage/v1/object/public/lampiran/keuangan/bendahara/image_ws2l7r0_1790443147413.jpg,fb883738-90f1-45c0-ae23-a25147614ff0,2026-09-26 17:19:09.226439+00,,a9e6b56c-31f1-4b4c-8c4e-cfb4f296dffc