id,nama,username,foto_url,bio,bagian_id,role,created_at,nomor_wa,last_seen_at
03412418-feec-420b-a0b5-8f6df7386aae,Rasyid,rasyid,,,7ff80a88-b1bc-45a6-9840-5a2684c975be,anggota,2026-09-12 04:58:25.209251+00,,
0bd44bf8-447c-4e6e-9721-d6014fa3a8c1,Fahri,fahri,,,f298d6d9-c2e8-4175-afc1-c750c69e01b0,anggota,2026-09-11 17:08:55.260892+00,,
15d2875e-e12d-4508-9018-ddf429249c1b,Apis,apis,,,e56c4fb5-5672-411f-839a-8172677d3550,anggota,2026-09-11 14:57:56.381979+00,,
3170f581-ac51-4802-9ba0-4901a4a32715,Alya,alya,,,e56c4fb5-5672-411f-839a-8172677d3550,anggota,2026-09-11 14:10:42.582647+00,,
4beba624-2ba5-41f1-9672-cdb75b80a19e,Paldi,paldi,,,7ff80a88-b1bc-45a6-9840-5a2684c975be,anggota,2026-09-15 02:20:47.293893+00,,
4f6c3e0d-3836-43ab-b745-18c14a46f8ff,Desta,desta,,,e56c4fb5-5672-411f-839a-8172677d3550,anggota,2026-09-11 14:07:59.919224+00,,
561a38a3-c983-4651-80a6-7e2aa2439608,Dzakwan,dzakwan,,,f298d6d9-c2e8-4175-afc1-c750c69e01b0,anggota,2026-09-11 17:09:34.168046+00,,
6daedf2d-dd9b-4878-b0bf-d46a126dafcb,Arya,arya,https://ykqkebfkcfaoozipqyvo.supabase.co/storage/v1/object/public/lampiran/avatar/6daedf2d-dd9b-4878-b0bf-d46a126dafcb/1001062267_5dbqrbk_1789141612208.jpg,,e56c4fb5-5672-411f-839a-8172677d3550,anggota,2026-09-11 14:12:16.915706+00,,
71597135-7fd2-41ad-8015-71e3139238ad,Zaid,zaid,,,e56c4fb5-5672-411f-839a-8172677d3550,anggota,2026-09-15 02:21:43.763503+00,,
786c8556-2e03-4022-a5fa-1d9deef34abf,Ichsan,ichsan,,,e56c4fb5-5672-411f-839a-8172677d3550,anggota,2026-09-11 17:04:09.922028+00,,2026-09-26 08:38:23.498+00
7bf1f387-1d9d-4ae5-9147-f57839735281,Keykooo,keyko,https://ykqkebfkcfaoozipqyvo.supabase.co/storage/v1/object/public/lampiran/avatar/7bf1f387-1d9d-4ae5-9147-f57839735281/19455_3x5u1c1_1788717294740.jpg,Biooooo panjanghhgg,e0520b11-9266-4572-bad5-d4be3ef41984,anggota,2026-09-05 13:41:27.612882+00,089517795206,
93816c43-cdb4-451a-b5a2-bcaf727146b2,Raihan,raihan,,,e56c4fb5-5672-411f-839a-8172677d3550,anggota,2026-09-11 14:11:23.529544+00,,
9a5b9c30-5d81-4f36-b90e-5f81ab03f9de,Fakhri,fakhri,,,e56c4fb5-5672-411f-839a-8172677d3550,anggota,2026-09-11 17:11:00.703906+00,,
a985054a-1753-4eca-acd7-39e9eefe8977,Alul,alul,,,7ff80a88-b1bc-45a6-9840-5a2684c975be,anggota,2026-09-10 17:18:22.580306+00,,2026-09-23 18:04:56.164+00
b522716f-465f-4c05-9db6-f5d46a763e60,Chealsea,chealsea,,,e56c4fb5-5672-411f-839a-8172677d3550,anggota,2026-09-11 14:06:44.730274+00,,
bd9820b5-6a72-46d9-bd0a-73ea9cd718bc,Weni Nasution,weni,,,e0520b11-9266-4572-bad5-d4be3ef41984,anggota,2026-09-09 14:18:02.664405+00,,
c6271b9a-6d33-4957-accd-432b76421b9f,Ardi,ardi,,,e56c4fb5-5672-411f-839a-8172677d3550,anggota,2026-09-11 14:14:39.029795+00,,
d9225e53-5121-4d9f-99dc-36faecc11f44,Kayla,kayla,,,e56c4fb5-5672-411f-839a-8172677d3550,anggota,2026-09-12 04:57:13.623167+00,,
db3a9ea8-4008-450b-86f5-d9906df76bd6,Az,zammm,https://ykqkebfkcfaoozipqyvo.supabase.co/storage/v1/object/public/lampiran/avatar/db3a9ea8-4008-450b-86f5-d9906df76bd6/23117_u9tfcyk_1789373117067.jpg,Bio saya,c2199ce6-f5c7-4110-98c9-ef48647202da,admin,2026-09-05 09:40:13.79806+00,089517795206,2026-09-27 12:15:31.621+00
e0f607d9-0dcb-4009-bf59-1b7296ce25a8,Galuuuwhh,galuh,https://ykqkebfkcfaoozipqyvo.supabase.co/storage/v1/object/public/lampiran/avatar/e0f607d9-0dcb-4009-bf59-1b7296ce25a8/1000595196_aht5r9x_1789147735785.jpg,Bio,e0520b11-9266-4572-bad5-d4be3ef41984,anggota,2026-09-07 02:04:59.127932+00,089637097147,2026-09-26 17:37:59.428+00
ea366256-7e1a-4f6e-b197-fde986be5372,Adel,adel,,,c2199ce6-f5c7-4110-98c9-ef48647202da,anggota,2026-09-12 04:57:47.051834+00,,
f30f163a-159d-49bc-b357-07ea1e947048,Papo,papo,,,e56c4fb5-5672-411f-839a-8172677d3550,anggota,2026-09-11 14:59:43.709419+00,,
f7af9da9-15d9-4892-abac-8b1c00a578bf,Deswan,deswan,,,e56c4fb5-5672-411f-839a-8172677d3550,anggota,2026-09-11 17:11:47.125727+00,,
fb883738-90f1-45c0-ae23-a25147614ff0,Padil,ketua,,,97e341c6-dd7c-4c74-b11d-b912aa46c433,ketua,2026-09-05 12:56:45.870885+00,,2026-09-26 17:23:48.301+00